pond,DATE,season,Bottom_Temp,Bottom_Cond,Bottom_DO,Depth,Top_Temp,Top_Cond,Top_DO,diffCond,diffTemp,densGrad,maxN2,Schmidt,chloride_mgL,sulfate_mgL,avsnow,totice,blackice,whiteice,secchi_m,TSS_gL,POM_gL,OM_perc,chla_MicrogramsPerLiter,N2O_mean,N2O_sd,max_depth_m,Bottom_DO_perc,DIC,DOC,TIC,TOC,bottom_dens,top_dens,RTRM,CO2_mean,CH4_mean,CO2_sd,CH4_sd,NH4,NO2_NO3,SRP,Floating,Bottom_DO_summer,Top_DO_summer,diffDO_summer,densGrad_summer,RTRM_summer,chloride_mgL_summer,sulfate_mgL_summer,secchi_m_summer,TSS_gL_summer,POM_gL_summer,OM_perc_summer,DOC_summer,DIC_summer,chla_summer,co2_summer,ch4_summer,srp_summer,Algae,Emergent,SA_ha,Pond.Made,depth_m,Perimeter_m,PA_ratio,Age
ALC,2022-01-13,winter,2.9,1368,46.9,0.5,0.8,1206,47.7,-162,-2.1,0.074,0.001,0.016,298.58,7.73,1.41,21,19,2,0.8,0.003,0.002,68.18,2.3,0.019,0,0.79,46.9,40.94,5.995,41.3,5.868,999.965,999.891,9.055,199.333,10.967,4.041,0.416,63.848,8.541,10.391,40,24.714285714285715,76.72857142857143,52.01428571428572,0.356,42.54757142857143,236.44,2.116,0.5191666666666667,0.0144,0.0098,67.36,9.0418,21.79,30.98,41.045,5.58825,26.822333333333333,39.666666666666664,15,0.24,1974,0.8,205,0.09,47
ALC,2022-01-27,winter,2.5,1460,2.4,0.75,0.7,704,23.1,-756,-1.8,0.071,0.002,0.012,384.66,7.32,4.5,30.5,23.5,7,0.4,0.01,0.009,89.47,32.6,0.008,0.001,0.79,2.4,52.41,8.016,55.78,7.764,999.957,999.886,8.698,446.667,7.077,6.429,0.17,66.97,16.06,5.153,40,24.714285714285715,76.72857142857143,52.01428571428572,0.356,42.54757142857143,236.44,2.116,0.5191666666666667,0.0144,0.0098,67.36,9.0418,21.79,30.98,41.045,5.58825,26.822333333333333,39.666666666666664,15,0.24,1974,0.8,205,0.09,47
ALC,2022-02-09,winter,1.6,2204,2.5,0.75,0.5,2012,8.3,-192,-1.1,0.06,0.002,0.007,430.87,4.66,2,33,30.5,2.5,0.5,0.041,0.021,51.72,40.8,-0.001,0,0.79,2.5,61.61,8.842,69.49,9.186,999.928,999.874,6.593,585.333,123.667,5.508,1.528,330.097,5.536,1.633,40,24.714285714285715,76.72857142857143,52.01428571428572,0.356,42.54757142857143,236.44,2.116,0.5191666666666667,0.0144,0.0098,67.36,9.0418,21.79,30.98,41.045,5.58825,26.822333333333333,39.666666666666664,15,0.24,1974,0.8,205,0.09,47
CAP,2022-01-13,winter,3.6,184.4,4.8,1,2.6,171.9,39.1,-12.5,-1,0.014,0,0.01,17.33,2.96,1.5,14,12.5,1.5,0.3,0.01,0.01,97.83,125.1,0.004,0,1.392,4.8,14.37,4.888,17.31,4.945,999.974,999.959,1.746,228.667,3.477,6.506,0.795,13.017,4.18,155.186,68.33333333333333,17.885714285714286,39,21.11428571428571,0.42342857142857143,50.251285714285714,27.46,2.118,0.6307142857142857,0.00733333333333333,0.00583333333333333,74.97333333333333,5.9894,13.4404,16.15,138.65,12.21575,11.021333333333333,8.333333333333334,21.666666666666668,0.37,1995,1.76,293,0.08,26
CAP,2022-01-27,winter,3,242.3,2.2,1.25,1.3,228.4,10.4,-13.9,-1.7,0.056,0.001,0.042,35.52,2.59,8.5,23.5,21,2.5,0.5,0.021,0.019,90.48,288.4,-0.002,0,1.392,2.2,16.88,6.224,23.68,6.34,999.967,999.916,6.264,393.333,38.733,10.017,0.551,24.086,3.046,103.737,68.33333333333333,17.885714285714286,39,21.11428571428571,0.42342857142857143,50.251285714285714,27.46,2.118,0.6307142857142857,0.00733333333333333,0.00583333333333333,74.97333333333333,5.9894,13.4404,16.15,138.65,12.21575,11.021333333333333,8.333333333333334,21.666666666666668,0.37,1995,1.76,293,0.08,26
CAP,2022-02-09,winter,2,611,8.5,1,0.9,626,18.1,15,-1.1,0.052,0.001,0.033,136.75,3.91,0,33.5,29,4.5,0.25,0.032,0.027,84.62,389.8,-0.001,0,1.392,8.5,19,7.084,26.9,9.313,999.943,999.896,5.657,383.333,81.733,1.155,1.115,32.673,3.883,66.985,68.33333333333333,17.885714285714286,39,21.11428571428571,0.42342857142857143,50.251285714285714,27.46,2.118,0.6307142857142857,0.00733333333333333,0.00583333333333333,74.97333333333333,5.9894,13.4404,16.15,138.65,12.21575,11.021333333333333,8.333333333333334,21.666666666666668,0.37,1995,1.76,293,0.08,26
DCSW1,2022-01-13,winter,3.7,527,69.5,2,2.4,529,99.1,2,-1.3,0.02,0,0.017,41.63,12.66,0.5,22,20,2,1.15,0.003,0.001,38.46,5.7,0.022,0,1.916,69.5,47.44,4.086,48.04,3.912,999.974,999.955,2.402,51.967,1.67,0.907,0.052,19.063,14.981,2.644,5.666666666666667,8.82857142857143,57.542857142857144,48.714285714285715,0.9315714285714286,112.60271428571428,26.491999999999997,3.762,1.268571428571429,0.00366666666666666,0.00266666666666666,76.00666666666666,6.8398,19.716,9.566666666666666,30.37275,2.08375,30.714999999999996,20,23.333333333333332,0.34,2005,2.2,254,0.07,16
DCSW1,2022-01-27,winter,3.7,516,42.6,1.75,1.8,492.4,76.3,-23.6,-1.9,0.038,0.001,0.05,47.03,12.89,8,31.5,27.5,4,1.8,0.002,0.002,93.75,9.5,0.02,0,1.916,42.6,52.86,4.836,53.77,4.769,999.974,999.936,4.671,195.667,0.369,2.309,0.016,171.554,40.906,4.6,5.666666666666667,8.82857142857143,57.542857142857144,48.714285714285715,0.9315714285714286,112.60271428571428,26.491999999999997,3.762,1.268571428571429,0.00366666666666666,0.00266666666666666,76.00666666666666,6.8398,19.716,9.566666666666666,30.37275,2.08375,30.714999999999996,20,23.333333333333332,0.34,2005,2.2,254,0.07,16
DCSW1,2022-02-09,winter,3.5,616,9.8,1.75,1.9,608,15.6,-8,-1.6,0.041,0.001,0.063,47.51,12.93,1.15,37,34,3,2,0.001,0,40,3.2,0.016,0,1.916,9.8,57.17,4.696,58.51,4.21,999.973,999.94,4.091,329.333,1.113,2.082,0.025,407.339,41.459,3.695,5.666666666666667,8.82857142857143,57.542857142857144,48.714285714285715,0.9315714285714286,112.60271428571428,26.491999999999997,3.762,1.268571428571429,0.00366666666666666,0.00266666666666666,76.00666666666666,6.8398,19.716,9.566666666666666,30.37275,2.08375,30.714999999999996,20,23.333333333333332,0.34,2005,2.2,254,0.07,16
DCSW2,2022-01-13,winter,4.2,660,51.9,1,1.8,566,108.7,-94,-2.4,0.039,0.001,0.033,48.73,14.62,1.6,19,17,3,1.25,0.005,0.004,88,33.1,0.035,0.001,1.692,51.9,53.92,4.361,54.75,4.027,999.975,999.936,4.702,43.7,8.953,0.819,0.34,101.353,152.181,10.351,35,10.514285714285714,86.24285714285715,75.72857142857143,0.7512857142857143,90.71328571428572,44.788,8.347999999999999,0.8042857142857143,0.009,0.00616666666666666,68.14833333333334,6.4563999999999995,27.774,42.6,44.56175,7.59875,16.508666666666667,35,5,0.4,2005,1.8,248,0.06,16
DCSW2,2022-01-27,winter,3.5,600,37.5,1.25,1.6,589,76.3,-11,-1.9,0.053,0.001,0.049,52.59,14.11,8,27,24,3,1.2,0.011,0.01,94.34,132.7,0.029,0.001,1.692,37.5,58.52,4.599,63.56,5.2,999.973,999.928,5.444,162,14.733,4,1.155,194.792,96.451,13.047,35,10.514285714285714,86.24285714285715,75.72857142857143,0.7512857142857143,90.71328571428572,44.788,8.347999999999999,0.8042857142857143,0.009,0.00616666666666666,68.14833333333334,6.4563999999999995,27.774,42.6,44.56175,7.59875,16.508666666666667,35,5,0.4,2005,1.8,248,0.06,16
DCSW2,2022-02-09,winter,2.9,696,11.7,1,0.6,693,25.4,-3,-2.3,0.091,0.002,0.072,54.97,14.31,2,37,32,5,1.2,0.002,0.002,80,10.3,0.025,0.001,1.692,11.7,65.87,5.07,67.36,5.069,999.965,999.88,10.404,344.667,26.367,10.214,0.808,544.376,78.993,4.594,35,10.514285714285714,86.24285714285715,75.72857142857143,0.7512857142857143,90.71328571428572,44.788,8.347999999999999,0.8042857142857143,0.009,0.00616666666666666,68.14833333333334,6.4563999999999995,27.774,42.6,44.56175,7.59875,16.508666666666667,35,5,0.4,2005,1.8,248,0.06,16
DCSW3,2022-01-13,winter,3.5,190.2,72.7,1.25,1.9,189.6,86.2,-0.6,-1.6,0.034,0.001,0.038,7.76,5.91,1.3,20,17,3,1.1,0.005,0.004,85.11,36.3,0.022,0.001,2.1,72.7,19.52,4.239,22.12,4.127,999.973,999.94,4.091,14.167,0.732,3.073,0.095,14.988,113.86,8.255,11.666666666666666,14.657142857142857,56.871428571428574,42.214285714285715,0.8412857142857143,102.48985714285716,45.672,7.316,1.2457142857142858,0.00566666666666666,0.00433333333333333,75.62333333333333,6.1616,25.406,9.916666666666666,44.10525,6.085,41.592,35,15,1.01,2005,2.26,479,0.05,16
DCSW3,2022-01-27,winter,3.1,186,53.6,1,0.7,192.2,92.1,6.2,-2.4,0.083,0.001,0.08,9.4,5.77,8.9,28.5,25.5,3,1.15,0.003,0.002,51.72,18.8,0.021,0,2.1,53.6,21.68,5.12,22.37,4.774,999.969,999.886,10.107,50.667,1.66,1.801,0.085,69.541,76.687,7.905,11.666666666666666,14.657142857142857,56.871428571428574,42.214285714285715,0.8412857142857143,102.48985714285716,45.672,7.316,1.2457142857142858,0.00566666666666666,0.00433333333333333,75.62333333333333,6.1616,25.406,9.916666666666666,44.10525,6.085,41.592,35,15,1.01,2005,2.26,479,0.05,16
DCSW3,2022-02-09,winter,2.8,258.9,35.6,1.25,1.4,255.1,43.6,-3.8,-1.4,0.052,0.001,0.052,14.18,5.83,0.4,35,30.5,4.5,1.4,0.004,0.002,46.34,22.8,0.014,0,2.1,35.6,23.65,5.194,24.47,5.179,999.964,999.92,5.3,95.4,1.493,2.551,0.107,204.359,73.603,5.461,11.666666666666666,14.657142857142857,56.871428571428574,42.214285714285715,0.8412857142857143,102.48985714285716,45.672,7.316,1.2457142857142858,0.00566666666666666,0.00433333333333333,75.62333333333333,6.1616,25.406,9.916666666666666,44.10525,6.085,41.592,35,15,1.01,2005,2.26,479,0.05,16
DOBA4,2022-01-13,winter,3.5,155,26.5,1.25,2.2,148,104.2,-7,-1.3,0.024,0.001,0.024,20.49,2.3,1.27,19,16,3,0.3,0.01,0.008,80,40.5,0.013,0,1.64,26.5,9.951,4.423,11.53,4.051,999.973,999.949,2.926,21.667,3.25,3.431,0.2,17.002,2.456,4.523,40,14.557142857142855,92.94285714285716,78.38571428571429,0.6951428571428572,84.275,28.556,2.014,0.29928571428571427,0.03133333333333333,0.02383333333333333,75.50666666666666,5.9404,8.399799999999999,74.95,44.08125,0.65,6.997333333333334,0,26.666666666666668,0.41,2000,1.75,409,0.1,21
DOBA4,2022-01-27,winter,3.5,149.7,6.5,1.5,1.4,155.7,71.9,6,-2.1,0.053,0.001,0.058,23.75,2.15,9,27.5,23,4.5,0.4,0.029,0.028,95.74,753.2,0.007,0,1.64,6.5,13.88,4.985,20.81,5.853,999.973,999.92,6.451,233.667,3.89,16.503,0.822,36.365,4.725,26.839,40,14.557142857142855,92.94285714285716,78.38571428571429,0.6951428571428572,84.275,28.556,2.014,0.29928571428571427,0.03133333333333333,0.02383333333333333,75.50666666666666,5.9404,8.399799999999999,74.95,44.08125,0.65,6.997333333333334,0,26.666666666666668,0.41,2000,1.75,409,0.1,21
DOBA4,2022-02-09,winter,3.5,296.7,3.2,1.5,1,204.8,55.6,-91.9,-2.5,0.082,0.002,0.08,27.71,1.78,1.75,33.5,31.5,2,0.12,0.07,0.056,80,632.8,0.001,0,1.64,3.2,16.13,6.317,22.55,7.155,999.973,999.902,8.719,162,7.81,0,0.317,55.818,47.815,54.767,40,14.557142857142855,92.94285714285716,78.38571428571429,0.6951428571428572,84.275,28.556,2.014,0.29928571428571427,0.03133333333333333,0.02383333333333333,75.50666666666666,5.9404,8.399799999999999,74.95,44.08125,0.65,6.997333333333334,0,26.666666666666668,0.41,2000,1.75,409,0.1,21
DOBA5,2022-01-13,winter,4,177.5,4.1,2,3.3,162.6,54.2,-14.9,-0.7,0.004,0,0.005,20.04,2.29,1.5,14,12,2,0.4,0.019,0.017,90.91,243.8,0.021,0,2.08,4.1,13.54,6.597,14.66,5.874,999.975,999.971,0.456,1.084,4.96,1.64,0.799,314.453,9.917,76.606,0,4.628571428571428,106.15714285714286,101.52857142857142,1.1777142857142855,143.07185714285714,37.72,2.414,0.5892857142857143,0.02633333333333333,0.02283333333333333,85.075,7.9806,9.2416,157.35,11.6665,16.295,13.165333333333333,66,0,0.37,1995,2.15,270,0.07,26
DOBA5,2022-01-27,winter,4.6,508,0.6,2,2,165.3,5.4,-342.7,-2.6,0.042,0.001,0.071,22.22,2.05,8.1,21,16,5,0.7,0.018,0.016,89.58,218.7,-0.002,0,2.08,0.6,16.13,7.163,22.94,7.881,999.972,999.943,3.539,310.333,60.533,4.041,5.816,792.261,4.891,94.333,0,4.628571428571428,106.15714285714286,101.52857142857142,1.1777142857142855,143.07185714285714,37.72,2.414,0.5892857142857143,0.02633333333333333,0.02283333333333333,85.075,7.9806,9.2416,157.35,11.6665,16.295,13.165333333333333,66,0,0.37,1995,2.15,270,0.07,26
DOBA5,2022-02-09,winter,4.2,253.9,1.7,2,1.3,201.9,18.3,-52,-2.9,0.073,0.001,0.127,23.11,1.75,1.25,28,24,4,0.3,0.02,0.018,90.16,265.7,-0.002,0.001,2.08,1.7,17.11,7.037,21.95,8.423,999.975,999.916,7.167,227,11.333,22.716,0.252,719.164,4.8,54.893,0,4.628571428571428,106.15714285714286,101.52857142857142,1.1777142857142855,143.07185714285714,37.72,2.414,0.5892857142857143,0.02633333333333333,0.02283333333333333,85.075,7.9806,9.2416,157.35,11.6665,16.295,13.165333333333333,66,0,0.37,1995,2.15,270,0.07,26
DOBA7,2022-01-14,winter,4.5,2750,30.1,1.75,1.1,942,119.9,-1808,-3.4,0.069,0.001,0.084,202.35,5.5,0,25,20,5,0.45,0.007,0.006,87.1,47,0.044,0,1.716,30.1,14.56,3.774,16.07,3.819,999.973,999.906,8.086,0.287,5.003,0.498,1.47,34.193,82.624,2.943,30,28.014285714285712,84.57142857142857,56.55714285714286,0.5242857142857142,54.22057142857143,75.498,5.194,0.3264285714285714,0.02733333333333333,0.016,58.50833333333333,6.3824,8.7446,84,2.851,0.74575,7.224,0,0,0.83,1995,2.1,378,0.05,26
DOBA7,2022-01-31,winter,4.3,2238,3.5,1.5,0.6,1152,76,-1086,-3.7,0.094,0.002,0.124,295.189,7.15,6,39,33,6,0.75,0.008,0.008,92.68,63.1,0.063,0,1.716,3.5,19.36,5.002,21.69,5.323,999.961,999.88,9.886,70.067,66.733,6.555,2.503,135.638,94.844,6.166,30,28.014285714285712,84.57142857142857,56.55714285714286,0.5242857142857142,54.22057142857143,75.498,5.194,0.3264285714285714,0.02733333333333333,0.016,58.50833333333333,6.3824,8.7446,84,2.851,0.74575,7.224,0,0,0.83,1995,2.1,378,0.05,26
DOBA7,2022-02-11,winter,4.2,4044,8.9,1.5,0.5,1610,53.8,-2434,-3.7,0.1,0.003,0.134,370.68,7.34,0.1,43,38,5,0.25,0.005,0.004,76,18.8,0.06,0,1.716,8.9,19.46,4.762,21.98,4.369,999.975,999.874,12.218,177,127.333,1,6.429,388.959,186.972,3.028,30,28.014285714285712,84.57142857142857,56.55714285714286,0.5242857142857142,54.22057142857143,75.498,5.194,0.3264285714285714,0.02733333333333333,0.016,58.50833333333333,6.3824,8.7446,84,2.851,0.74575,7.224,0,0,0.83,1995,2.1,378,0.05,26
DOBA8,2022-01-14,winter,5.8,399.6,4.1,2,2.5,254.5,63.4,-145.1,-3.3,0.026,0.001,-0.021,14.64,3.83,3,18,14,4,0.95,0.002,0.002,93.33,7,0.031,0.002,2.033,4.1,22.12,3.94,23.66,3.763,999.949,999.957,-0.99,92.333,1.244,6.824,0.473,412.48,167.66,40.731,6.666666666666667,1.8285714285714283,73.01428571428572,71.18571428571428,0.9654285714285714,116.7312857142857,25.1,2.102,0.7221428571428571,0.00883333333333333,0.00766666666666666,67.01333333333334,5.8347999999999995,8.926,25.96666666666667,32.80825,1.416,13.671333333333331,9,3.3333333333333335,0.43,2000,2.3,259,0.06,21
DOBA8,2022-01-30,winter,4.8,326.5,0.6,1.75,2.4,272.1,6.4,-54.4,-2.4,0.02,0.001,0.028,22.71,5.14,11,23,20,3,1.25,0.003,0.002,92.31,8,0.015,0,2.033,0.6,28.45,3.466,30.5,3.282,999.97,999.955,1.833,323.667,2.65,3.512,0.36,636.464,132.561,23.025,6.666666666666667,1.8285714285714283,73.01428571428572,71.18571428571428,0.9654285714285714,116.7312857142857,25.1,2.102,0.7221428571428571,0.00883333333333333,0.00766666666666666,67.01333333333334,5.8347999999999995,8.926,25.96666666666667,32.80825,1.416,13.671333333333331,9,3.3333333333333335,0.43,2000,2.3,259,0.06,21
DOBA8,2022-02-10,winter,4.7,377.6,2.4,1.75,1.5,327.4,19.6,-50.2,-3.2,0.059,0.001,0.098,24.71,4.9,6.5,28.5,23.5,5,1.2,0.003,0.003,86.96,6.4,-0.002,0.001,2.033,2.4,30.48,3.42,32.09,3.331,999.971,999.924,5.665,344,16.2,2,0.265,745.798,50.276,21.484,6.666666666666667,1.8285714285714283,73.01428571428572,71.18571428571428,0.9654285714285714,116.7312857142857,25.1,2.102,0.7221428571428571,0.00883333333333333,0.00766666666666666,67.01333333333334,5.8347999999999995,8.926,25.96666666666667,32.80825,1.416,13.671333333333331,9,3.3333333333333335,0.43,2000,2.3,259,0.06,21
ELV,2022-01-14,winter,3.9,202.2,39.6,3,0.4,168,99,-34.2,-3.5,0.107,0.003,0.246,27.29,3.95,1.5,21,14,7,0.45,0.004,0.004,86.36,44,0.03,0,2.97,39.6,13.66,4.181,14.38,3.908,999.975,999.868,12.987,12.467,1.9,0.651,0.21,97.815,86.186,13.974,8.5,0.5571428571428572,75.37142857142857,74.81428571428572,1.2638571428571428,152.30057142857143,75.952,3.372,0.645,0.00883333333333333,0.00616666666666666,68.91499999999999,6.0476,10.0956,32,23.964,1.26775,14.784666666666666,7.5,15,0.82,1987,3.25,458,0.06,34
ELV,2022-01-30,winter,3.9,186.3,21.3,3,0.5,186.5,65.2,0.2,-3.4,0.101,0.001,0.334,27.57,3.25,8,31,25.5,5.5,0.35,0.011,0.009,78.57,257.4,0.026,0,2.97,21.3,13.93,4.076,18.79,4.414,999.975,999.874,12.258,62.3,5.667,3.727,0.752,103.32,82.936,25.333,8.5,0.5571428571428572,75.37142857142857,74.81428571428572,1.2638571428571428,152.30057142857143,75.952,3.372,0.645,0.00883333333333333,0.00616666666666666,68.91499999999999,6.0476,10.0956,32,23.964,1.26775,14.784666666666666,7.5,15,0.82,1987,3.25,458,0.06,34
ELV,2022-02-10,winter,3.4,220.9,27.9,2.75,0.4,219.8,103.3,-1.1,-3,0.104,0.001,0.395,26.38,3.49,4,36.4,32.6,3.8,0.4,0.007,0.005,71.43,89.9,0.025,0,2.97,27.9,14.05,4.265,15.32,4.045,999.972,999.868,12.661,12.767,41.6,1.35,8.3,17.84,70.214,11.464,8.5,0.5571428571428572,75.37142857142857,74.81428571428572,1.2638571428571428,152.30057142857143,75.952,3.372,0.645,0.00883333333333333,0.00616666666666666,68.91499999999999,6.0476,10.0956,32,23.964,1.26775,14.784666666666666,7.5,15,0.82,1987,3.25,458,0.06,34
HP-UW,2022-01-12,winter,4,1930,101,1.25,3.4,1868,98.7,-62,-0.6,0.003,0,0.002,364.4,41.44,0,7.5,7.25,0.25,1.5,0.003,0.002,54.84,1.9,0.083,0.014,1.982,101,81.54,1.404,83.32,1.359,999.975,999.972,0.332,102.8,3.2,14.343,0.762,65.733,1755.207,1.169,5,53.44285714285714,113,59.557142857142864,0.599,72.51242857142857,173.50666666666666,23.535,0.6492857142857142,0.01133333333333333,0.00483333333333333,42.61833333333333,2.507,40.264,13.55,58.39175,1.72725,2.634,15,0,0.38,1995,2.15,301,0.08,26
HP-UW,2022-01-31,winter,4.3,1616,110.2,1.5,2.5,1476,108.2,-140,-1.8,0.029,0.001,0.037,342.84,41.27,6,22,21.5,0.5,1.45,0.002,0.001,40.91,5.3,0.076,0.001,1.982,110.2,81.8,1.33,83.31,1.287,999.974,999.957,2.075,138,2.913,2,0.121,78.165,1674.41,0.895,5,53.44285714285714,113,59.557142857142864,0.599,72.51242857142857,173.50666666666666,23.535,0.6492857142857142,0.01133333333333333,0.00483333333333333,42.61833333333333,2.507,40.264,13.55,58.39175,1.72725,2.634,15,0,0.38,1995,2.15,301,0.08,26
HP-UW,2022-02-09,winter,4.5,1886,143.7,1.25,2.7,1836,125.9,-50,-1.8,0.018,0.001,0.018,321.97,39.95,0.15,24,24,0,1.5,0.002,0.001,73.33,7,0.076,0.003,1.982,143.7,79.85,1.333,81.32,1.215,999.973,999.962,1.363,120,3.453,2.646,0.69,47.537,1755.655,0.746,5,53.44285714285714,113,59.557142857142864,0.599,72.51242857142857,173.50666666666666,23.535,0.6492857142857142,0.01133333333333333,0.00483333333333333,42.61833333333333,2.507,40.264,13.55,58.39175,1.72725,2.634,15,0,0.38,1995,2.15,301,0.08,26
KP,2022-01-14,winter,2.2,316.2,6.7,1,0.3,284.2,33.6,-32,-1.9,0.087,0.001,0.046,29.72,1.11,2,20,15,5,0.1,0.076,0.027,35.85,246.5,-0.001,0,1.14,6.7,26.92,9.109,44.54,10.7,999.949,999.862,10.591,1426.667,340.333,11.547,13.614,24.985,9.355,31.045,76.66666666666667,1.0142857142857142,39.142857142857146,38.128571428571426,0.9098571428571428,110.51685714285716,18.66,0.97,0.3407142857142857,0.04383333333333333,0.03383333333333333,75.56666666666666,8.4946,16.022,104.71666666666668,561.58325,71.31675,65.45066666666666,5.5,16,0.47,na,1.25,265,0.06,100
KP,2022-01-30,winter,1.4,408.6,0.2,0.75,0.2,406.3,7.2,-2.3,-1.2,0.071,0.002,0.014,43.66,0.94,0,32,27,5,0.15,0.125,0.05,40,495.7,-0.002,0,1.14,0.2,42.24,12.33,71.4,17.06,999.92,999.856,7.839,2660,737.333,26.458,22.301,780.96,14.687,50.096,76.66666666666667,1.0142857142857142,39.142857142857146,38.128571428571426,0.9098571428571428,110.51685714285716,18.66,0.97,0.3407142857142857,0.04383333333333333,0.03383333333333333,75.56666666666666,8.4946,16.022,104.71666666666668,561.58325,71.31675,65.45066666666666,5.5,16,0.47,na,1.25,265,0.06,100
KP,2022-02-10,winter,0.2,574,5.1,0.5,0.4,581,37.4,7,0.2,0.018,0,-0.003,50.08,1.05,6.5,36,29,7,0.1,0.241,0.081,33.77,268.8,-0.003,0.001,1.14,5.1,51.84,14.26,91.72,15.97,999.856,999.868,-1.523,3103.333,994.667,11.547,32.868,2008.319,13.778,7.34,76.66666666666667,1.0142857142857142,39.142857142857146,38.128571428571426,0.9098571428571428,110.51685714285716,18.66,0.97,0.3407142857142857,0.04383333333333333,0.03383333333333333,75.56666666666666,8.4946,16.022,104.71666666666668,561.58325,71.31675,65.45066666666666,5.5,16,0.47,na,1.25,265,0.06,100
L60-UW,2022-01-13,winter,3.4,430.2,11.6,1,1.4,430.6,40.5,0.4,-2,0.052,0.001,0.028,65.73,5.32,0.15,20,17.5,2.5,0.9,0.005,0.003,57.89,16.7,0.011,0,1.17,11.6,25.28,5.071,26.52,4.895,999.972,999.92,6.346,386,16.033,3.606,0.85,17.64,6.725,8.737,47.5,0.8571428571428571,49.22857142857143,48.37142857142857,1.332,161.071,119.588,2.44,0.5164285714285715,0.01133333333333333,0.00816666666666666,68.71166666666667,7.0846,21.1472,56.13333333333333,221.82525,86.635,18.253333333333337,5,46.25,0.34,2014,1.25,557,0.16,7
L60-UW,2022-01-31,winter,0.4,455.6,8.6,0.5,0.5,237.1,15.6,-218.5,0.1,0.006,0,-0.001,93.96,4.49,7.5,27,21,6,0.25,0.018,0.011,59.09,46.2,-0.001,0.001,1.17,8.6,29.74,5.712,35.79,5.752,999.868,999.874,-0.729,584.333,52.033,8.622,1.447,15.949,10.881,9.948,47.5,0.8571428571428571,49.22857142857143,48.37142857142857,1.332,161.071,119.588,2.44,0.5164285714285715,0.01133333333333333,0.00816666666666666,68.71166666666667,7.0846,21.1472,56.13333333333333,221.82525,86.635,18.253333333333337,5,46.25,0.34,2014,1.25,557,0.16,7
L60-UW,2022-02-09,winter,0.9,635,23.1,0.75,0.4,629,37.1,-6,-0.5,0.028,0.001,0.009,114.71,3.87,0.5,35,33.5,1.5,0.3,0.031,0.023,74.55,155.3,-0.001,0,1.17,23.1,32.16,5.683,40.79,6.467,999.896,999.868,3.427,586,78.967,5,2.994,22.482,26.553,5.56,47.5,0.8571428571428571,49.22857142857143,48.37142857142857,1.332,161.071,119.588,2.44,0.5164285714285715,0.01133333333333333,0.00816666666666666,68.71166666666667,7.0846,21.1472,56.13333333333333,221.82525,86.635,18.253333333333337,5,46.25,0.34,2014,1.25,557,0.16,7
LM-ARB,2022-01-12,winter,2.3,894,34.2,0.5,1.4,788,60,-106,-0.9,0.032,0.001,0.007,109.63,16.32,0,24,16,8,0.45,0.007,0.005,69.77,37.8,0.034,0.001,0.68,34.2,59.34,3.206,59.94,3.039,999.952,999.92,3.872,413.333,3.08,122.317,2.04,429.069,125.128,16.825,0,47.15714285714286,58.6,11.442857142857145,0.14942857142857144,16.46014285714286,101.696,4.852,0.28785714285714287,0.03116666666666666,0.01783333333333333,59.54833333333333,6.9879999999999995,25.002,116.13333333333333,93.84175,1.55575,18.139333333333333,2,0,0.29,1995,1.1,235,0.08,26
LM-ARB,2022-01-31,winter,0.7,900,25.3,0.5,0.3,907,31.6,7,-0.4,0.024,0.001,0.003,138.65,20.38,0,42,22,20,0.6,0.006,0.006,92.31,39.9,0.01,0,0.68,25.3,78.81,2.717,82.96,2.894,999.886,999.862,2.872,829.333,26.267,8.505,0.493,557.806,40.02,4.778,0,47.15714285714286,58.6,11.442857142857145,0.14942857142857144,16.46014285714286,101.696,4.852,0.28785714285714287,0.03116666666666666,0.01783333333333333,59.54833333333333,6.9879999999999995,25.002,116.13333333333333,93.84175,1.55575,18.139333333333333,2,0,0.29,1995,1.1,235,0.08,26
LM-ARB,2022-02-11,winter,0.5,1236,21.2,0.25,0.7,1239,38.4,3,0.2,0.011,0,-0.001,183.91,22.24,0,47,29,18,0.5,0.011,0.005,45.45,18.8,0.023,0,0.68,21.2,75.54,2.755,81.87,2.826,999.874,999.886,-1.392,312.333,8.98,10.263,0.145,568.942,90.638,1.823,0,47.15714285714286,58.6,11.442857142857145,0.14942857142857144,16.46014285714286,101.696,4.852,0.28785714285714287,0.03116666666666666,0.01783333333333333,59.54833333333333,6.9879999999999995,25.002,116.13333333333333,93.84175,1.55575,18.139333333333333,2,0,0.29,1995,1.1,235,0.08,26
MDT,2022-01-14,winter,3.4,199.6,106.1,1.5,2.2,198.7,110.7,-0.9,-1.2,0.023,0.001,0.019,19.73,3.43,3,23,21,2,0.45,0.012,0.011,91.18,132.4,0.018,0,1.59,106.1,16.22,3.957,19.57,3.628,999.972,999.949,2.821,4.74,0.465,2.029,0.31,21.583,19.863,15.353,15,48.871428571428574,96.78571428571428,47.91428571428571,0.29914285714285715,33.77128571428572,34.032,2.2119999999999997,0.6985714285714285,0.00816666666666666,0.00716666666666666,88.225,6.3922,8.3066,34.3,0.2285,0.771,9.987666666666666,11.666666666666666,11.666666666666666,0.44,2005,1.75,367,0.08,16
MDT,2022-01-30,winter,3.4,226,22.3,1,1.1,218.9,69.2,-7.1,-2.3,0.081,0.002,0.046,28.31,3.66,8,31,25,6,0.45,0.02,0.017,82.93,249.8,0.018,0,1.59,22.3,19.21,4.352,25.8,4.688,999.972,999.906,8.015,116.667,0.372,1.528,0.045,92.995,7.905,14.51,15,48.871428571428574,96.78571428571428,47.91428571428571,0.29914285714285715,33.77128571428572,34.032,2.2119999999999997,0.6985714285714285,0.00816666666666666,0.00716666666666666,88.225,6.3922,8.3066,34.3,0.2285,0.771,9.987666666666666,11.666666666666666,11.666666666666666,0.44,2005,1.75,367,0.08,16
MDT,2022-02-10,winter,1.4,301,73.5,1,0,298,87.6,-3,-1.4,0.078,0.001,0.047,37.7,4.09,4,34.5,30,4.5,0.4,0.018,0.016,85.96,160,0.012,0,1.59,73.5,20.62,3.948,25.2,4.512,999.92,999.843,9.45,119.667,0.745,2.309,0.175,62.196,12.446,27.393,15,48.871428571428574,96.78571428571428,47.91428571428571,0.29914285714285715,33.77128571428572,34.032,2.2119999999999997,0.6985714285714285,0.00816666666666666,0.00716666666666666,88.225,6.3922,8.3066,34.3,0.2285,0.771,9.987666666666666,11.666666666666666,11.666666666666666,0.44,2005,1.75,367,0.08,16
O-N,2022-01-14,winter,4,609,119.1,1,0.4,590,120.5,-19,-3.6,0.107,0.004,0.053,52.07,15.93,0,19,14,5,0.55,0.006,0.005,95,11.6,0.178,0.009,1.14,119.1,51.03,4.343,53.26,4.087,999.975,999.868,12.993,91.2,0.352,2.524,0.154,100.265,1074.249,1.45,2.3333333333333335,42.15714285714286,111.82857142857142,69.67142857142858,0.4231428571428571,47.83685714285715,61.075,13.68,0.3425,0.034,0.01766666666666666,49.42,5.273,35.054,48.53333333333333,23.25425,0.6865,4.993333333333333,0.3333333333333333,0,0.68,2000,1.2,433,0.06,21
O-N,2022-01-30,winter,3.7,599,155.5,1,2.3,597,140.8,-2,-1.4,0.025,0.001,0.012,63.02,19.1,0,37,33.5,3.5,0.55,0.005,0.003,52.63,19.7,0.216,0.005,1.14,155.5,60.39,4.919,62.08,4.866,999.974,999.952,2.729,52.1,0.838,2.4,0.303,46.827,1158.998,2.124,2.3333333333333335,42.15714285714286,111.82857142857142,69.67142857142858,0.4231428571428571,47.83685714285715,61.075,13.68,0.3425,0.034,0.01766666666666666,49.42,5.273,35.054,48.53333333333333,23.25425,0.6865,4.993333333333333,0.3333333333333333,0,0.68,2000,1.2,433,0.06,21
O-N,2022-02-10,winter,4,718,136.5,1,2.1,707,140.4,-11,-1.9,0.032,0.001,0.02,56.25,17.31,3,33,27.5,5.5,0.5,0.008,0.003,30.77,11.1,0.222,0.001,1.14,135.7,56.1,4.274,59.04,4.044,999.975,999.946,3.521,61.367,0.796,1.002,0.074,17.898,951.925,1.402,2.3333333333333335,42.15714285714286,111.82857142857142,69.67142857142858,0.4231428571428571,47.83685714285715,61.075,13.68,0.3425,0.034,0.01766666666666666,49.42,5.273,35.054,48.53333333333333,23.25425,0.6865,4.993333333333333,0.3333333333333333,0,0.68,2000,1.2,433,0.06,21
O-S,2022-01-14,winter,3.7,569,92.4,1.25,1.2,557,117.6,-12,-2.5,0.063,0.002,0.042,63.95,8.73,0,24,12,12,0.75,0.002,0.002,70.83,3.4,0.04,0,1.15,92.4,43.18,5.104,44.12,5.1,999.974,999.911,7.692,69.3,1.503,0.529,0.074,40.066,174.008,3.764,14,24.11428571428571,78.6,54.48571428571429,0.3231428571428571,38.462428571428575,66.346,10.612,0.5608333333333333,0.02,0.009,41.45666666666666,5.0396,29.698,24.53333333333333,21.13775,1.07325,8.483333333333334,20,0,0.49,2000,1.2,471,0.08,21
O-S,2022-01-30,winter,3.4,550,58.2,1,0.8,546,87.9,-4,-2.6,0.092,0.002,0.042,65.88,11.05,6.5,35,29,6,0.35,0.013,0.003,22.34,14.7,0.073,0.002,1.15,58.2,52.75,5.657,53.65,5.353,999.972,999.891,9.877,167,0.469,4.583,0.102,21.966,296.633,4.196,14,24.11428571428571,78.6,54.48571428571429,0.3231428571428571,38.462428571428575,66.346,10.612,0.5608333333333333,0.02,0.009,41.45666666666666,5.0396,29.698,24.53333333333333,21.13775,1.07325,8.483333333333334,20,0,0.49,2000,1.2,471,0.08,21
O-S,2022-02-10,winter,2.7,679,82.3,1,1,676,98.6,-3,-1.7,0.06,0.001,0.029,67.78,10.1,0,38,32.5,5.5,0.45,0.011,0.002,20.37,5.8,0.064,0.001,1.15,82.3,55.85,5.517,56.44,5.461,999.962,999.902,7.323,194,1.157,8.185,0.035,21.881,278.107,2.165,14,24.11428571428571,78.6,54.48571428571429,0.3231428571428571,38.462428571428575,66.346,10.612,0.5608333333333333,0.02,0.009,41.45666666666666,5.0396,29.698,24.53333333333333,21.13775,1.07325,8.483333333333334,20,0,0.49,2000,1.2,471,0.08,21
OPP-E,2022-01-12,winter,3.9,192.4,10.1,1.25,2.1,196.6,64.6,4.2,-1.8,0.029,0.001,0.033,8.26,4.47,2.5,20,7,13,0.1,0.026,0.024,89.39,246.6,0.021,0,1.636,10.1,22.7,5.518,27.7,5.88,999.975,999.946,3.514,149,0.3,9.539,0.068,548.112,60.097,25.585,12.5,8.585714285714285,107.82857142857144,99.24285714285716,0.5541428571428572,66.17128571428572,9.986,4.992,0.27749999999999997,0.03816666666666667,0.02566666666666666,68.03666666666666,8.2124,16.534,173.05,2.056,0.8847499999999999,11.143333333333334,1,0,0.14,2010,2,157,0.11,11
OPP-E,2022-01-31,winter,3.4,198.9,1.4,1,0.7,189.4,12.4,-9.5,-2.7,0.087,0.002,0.056,8.25,3.49,10,25,19,6,0.4,0.041,0.038,93.44,601.6,0.018,0.001,1.636,1.4,25.09,7.016,34.86,8.691,999.972,999.886,10.54,342,0.36,3.606,0.108,1048.83,28.244,47.889,12.5,8.585714285714285,107.82857142857144,99.24285714285716,0.5541428571428572,66.17128571428572,9.986,4.992,0.27749999999999997,0.03816666666666667,0.02566666666666666,68.03666666666666,8.2124,16.534,173.05,2.056,0.8847499999999999,11.143333333333334,1,0,0.14,2010,2,157,0.11,11
OPP-E,2022-02-11,winter,3.1,246.1,4,1,0.9,232,42.8,-14.1,-2.2,0.072,0.001,0.052,9.52,2.41,6,28,24,4,0.33,0.033,0.027,82.22,451.2,0.001,0,1.636,4,25.16,6.813,33.26,7.845,999.969,999.896,8.802,329,4.393,1.732,0.391,913.025,8.616,12.981,12.5,8.585714285714285,107.82857142857144,99.24285714285716,0.5541428571428572,66.17128571428572,9.986,4.992,0.27749999999999997,0.03816666666666667,0.02566666666666666,68.03666666666666,8.2124,16.534,173.05,2.056,0.8847499999999999,11.143333333333334,1,0,0.14,2010,2,157,0.11,11
OPP-W,2022-01-12,winter,2.8,208,2.2,2,1.5,205.9,20.6,-2.1,-1.3,0.052,0.001,0.126,16.58,4.66,3,12,8,4,0.15,0.026,0.025,94.87,370,0.126,0.006,2.667,2.2,19.28,5.246,28.12,4.598,999.964,999.924,4.786,413.667,0.99,18.61,0.173,222.402,13.971,76.294,40,0.4,81.55714285714285,81.15714285714286,1.5945714285714283,192.47957142857143,29.828000000000003,4.918,0.28,0.03233333333333333,0.02716666666666666,82.96666666666667,10.4472,14.464,326.9166666666667,207.9215,14.6725,45.67133333333334,0,10,0.18,2010,2.76,224,0.12,11
OPP-W,2022-01-31,winter,1.3,317.2,1.1,1.25,0.7,320.2,9.1,3,-0.6,0.03,0.001,0.032,44.86,7.21,0,25,20,5,0.3,0.035,0.024,69.39,366,0.315,0.004,2.667,1.1,27.12,5.46,36.05,5.569,999.916,999.886,3.659,585.333,0.434,6.658,0.071,292.294,56.141,45.736,40,0.4,81.55714285714285,81.15714285714286,1.5945714285714283,192.47957142857143,29.828000000000003,4.918,0.28,0.03233333333333333,0.02716666666666666,82.96666666666667,10.4472,14.464,326.9166666666667,207.9215,14.6725,45.67133333333334,0,10,0.18,2010,2.76,224,0.12,11
OPP-W,2022-02-11,winter,1.7,402.2,2.2,2.25,0.5,400.3,15.7,-1.9,-1.2,0.058,0.001,0.167,46.68,5.82,4,29.5,23.5,6,0.33,0.04,0.029,72.5,466.8,0,0.002,2.667,2.2,30.1,5.176,38.85,6.159,999.932,999.874,7.065,630,33.667,32.97,2.656,319.599,12.276,18.041,40,0.4,81.55714285714285,81.15714285714286,1.5945714285714283,192.47957142857143,29.828000000000003,4.918,0.28,0.03233333333333333,0.02716666666666666,82.96666666666667,10.4472,14.464,326.9166666666667,207.9215,14.6725,45.67133333333334,0,10,0.18,2010,2.76,224,0.12,11
UM-ARB,2022-01-12,winter,3,798,4.6,0.75,3.4,777,21,-21,0.4,0.011,0,-0.002,107.46,16.27,2.75,14,10,4,0.5,0.01,0.007,71.43,21.9,0.122,0.016,0.958,4.6,61.36,3.922,65.44,3.677,999.967,999.972,-0.617,876,94.633,8.544,6.453,293.545,146.883,16.366,0,57.385714285714286,89.88571428571429,32.5,0.293,34.89771428571429,101.866,5.428,0.2735714285714286,0.03966666666666667,0.023,59.586666666666666,6.8342,24.504,127.58333333333334,103.94175,2.02025,17.373666666666665,5,20,0.56,2014,1.2,301,0.05,7
UM-ARB,2022-01-31,winter,1.5,870,4.9,0.5,0.6,882,13.5,12,-0.9,0.05,0.002,0.009,132.63,19.7,3,25,16,9,0.5,0.008,0.004,56.67,5.5,0.005,0.001,0.958,4.9,75.63,3.366,82.82,3.723,999.924,999.88,5.393,1060,150.667,17.321,4.726,446.221,64.143,4.045,0,57.385714285714286,89.88571428571429,32.5,0.293,34.89771428571429,101.866,5.428,0.2735714285714286,0.03966666666666667,0.023,59.586666666666666,6.8342,24.504,127.58333333333334,103.94175,2.02025,17.373666666666665,5,20,0.56,2014,1.2,301,0.05,7
UM-ARB,2022-02-11,winter,2.7,1495,19.6,0.75,0.8,1315,20.2,-180,-1.9,0.07,0.001,0.025,208.44,22.91,0,30,22,8,0.5,0.007,0.003,51.52,15,0.06,0.003,0.958,19.6,83.17,3.926,90.79,3.475,999.962,999.891,8.585,1173.333,202.667,5.774,8.386,472.55,227.635,1.901,0,57.385714285714286,89.88571428571429,32.5,0.293,34.89771428571429,101.866,5.428,0.2735714285714286,0.03966666666666667,0.023,59.586666666666666,6.8342,24.504,127.58333333333334,103.94175,2.02025,17.373666666666665,5,20,0.56,2014,1.2,301,0.05,7
